event_id,report_date,source_platform,source_file,country,border_region,disease,host_species,cases,deaths,culling,neighboring_outbreaks_14d,livestock_density_index,trade_flow_index,transport_access_index,border_distance_km,rainfall_anomaly,temperature_anomaly,narrative_text,cross_border_alert,label_available,case_fatality_rate,outbreak_pressure,border_proximity_score,llm_mode,llm_summary,llm_border_relevance,llm_transmission_complexity,llm_control_pressure,llm_key_signals,llm_recommended_action,intel_risk_score,risk_probability,risk_level
CN001,2025-01-03,WOAH,示例疫情台账.csv,越南,老街省,非洲猪瘟,生猪,180.0,25.0,600.0,4.0,82.0,78.0,74.0,95.0,1.2,0.8,边境口岸附近多个生猪养殖点出现疫情，活猪运输在限制前持续数日，市场链条存在跨境扩散风险,1,True,0.1388888888888889,6.807934943699927,0.81,heuristic,越南 老街省 出现非洲猪瘟疫情，跨境相关性评分为10/10。,10,10,4,"border traffic, multi-point spread, regional clustering, near border",建议提高口岸监测频次并同步排查运输链。,0.76,0.9492,高风险
CN002,2025-01-07,FAO,示例疫情台账.csv,蒙古,东方省,口蹄疫,牛,42.0,2.0,0.0,1.0,48.0,34.0,41.0,320.0,-0.4,-1.1,疫情位于远离边境检查点的牧场，兽医部门在24小时内完成封控，外溢风险较低,0,True,0.047619047619047616,4.454347296253507,0.36,heuristic,蒙古 东方省 出现口蹄疫疫情，跨境相关性评分为6/10。,6,6,2,border traffic,建议保持常规监测，并继续跟踪周边疫情变化。,0.425,0.0417,低风险
CN003,2025-01-10,WOAH,示例疫情台账.csv,俄罗斯,滨海边疆区,H5N1高致病性禽流感,家禽,260.0,58.0,1200.0,5.0,76.0,69.0,81.0,110.0,0.9,-0.2,疫点靠近候鸟迁徙带和跨境运输通道，多家养殖场同时受影响，已启动移动限制,1,True,0.2230769230769231,7.356279876550749,0.78,heuristic,俄罗斯 滨海边疆区 出现H5N1高致病性禽流感疫情，跨境相关性评分为10/10。,10,10,6,"border traffic, multi-point spread, regional clustering, near border",建议提高口岸监测频次并同步排查运输链。,0.825,0.9781,高风险
CN004,2025-01-17,WOAH,示例疫情台账.csv,哈萨克斯坦,东哈州,牛结节性皮肤病,牛,95.0,4.0,130.0,3.0,63.0,57.0,62.0,185.0,-0.1,-0.6,多个村庄陆续报告病例，牲畜卡车流动频繁，非正规贸易路线增加了追踪难度,1,True,0.042105263157894736,5.950642552587727,0.63,heuristic,哈萨克斯坦 东哈州 出现牛结节性皮肤病疫情，跨境相关性评分为5/10。,5,10,5,multi-point spread,建议提高口岸监测频次并同步排查运输链。,0.595,0.804,高风险
CN005,2025-01-21,FAO,示例疫情台账.csv,尼泊尔,科西省,口蹄疫,牛,28.0,1.0,0.0,1.0,52.0,31.0,35.0,210.0,1.0,0.5,单个奶牛场报告病例后立即实施封锁和紧急免疫，暂未发现跨区域运输,0,True,0.03571428571428571,4.060443010546419,0.5800000000000001,heuristic,尼泊尔 科西省 出现口蹄疫疫情，跨境相关性评分为5/10。,5,5,2,border traffic,建议保持常规监测，并继续跟踪周边疫情变化。,0.365,0.0412,低风险
CN006,2025-02-03,WOAH,示例疫情台账.csv,孟加拉国,锡尔赫特,PPR小反刍兽疫,山羊,120.0,24.0,210.0,3.0,68.0,65.0,66.0,145.0,0.7,1.2,多个乡镇先后出现羊群病例，活畜交易和共牧现象明显，存在跨境传播隐患,1,True,0.2,6.182084906716632,0.71,heuristic,孟加拉国 锡尔赫特 出现PPR小反刍兽疫疫情，跨境相关性评分为10/10。,10,10,4,"border traffic, multi-point spread",建议提高口岸监测频次并同步排查运输链。,0.745,0.8981,高风险
CN007,2025-02-15,National Portal,示例疫情台账.csv,不丹,萨姆策,新城疫,家禽,26.0,8.0,55.0,1.0,46.0,24.0,33.0,175.0,-0.3,0.1,疫情局限于小型庭院养殖点，扑杀和消杀在一个报告周期内完成,0,True,0.3076923076923077,3.9889840465642745,0.65,heuristic,不丹 萨姆策 出现新城疫疫情，跨境相关性评分为3/10。,3,5,6,,建议保持常规监测，并继续跟踪周边疫情变化。,0.39499999999999996,0.1094,低风险
CN008,2025-03-02,National Portal,示例疫情台账.csv,老挝,博胶省,非洲猪瘟,生猪,175.0,21.0,480.0,4.0,73.0,76.0,72.0,92.0,0.9,1.0,涉疫养殖场为跨境市场供猪，车辆曾通过次级通道运输，后续才启动扑杀和排查,1,True,0.12,6.779921907472252,0.8160000000000001,heuristic,老挝 博胶省 出现非洲猪瘟疫情，跨境相关性评分为10/10。,10,9,6,"border traffic, regional clustering, near border, high trade flow",建议提高口岸监测频次并同步排查运输链。,0.7849999999999999,0.9233,高风险
补充疫情通报-0001,2025-03-21,地方补充材料,补充疫情通报.md,老挝,博胶省,非洲猪瘟,生猪,92.0,16.0,230.0,0.0,0.0,0.0,0.0,0.0,0.0,0.0,# 边境疫情补充通报 国家：老挝 边境区域：博胶省 报告日期：2025-03-21 来源平台：地方补充材料 疫病：非洲猪瘟 宿主动物：生猪 发病数：92 死亡数：16 扑杀数：230 疫情描述： 多个靠近边境贸易通道的养殖点出现异常死亡。部,0,False,0.17391304347826086,4.532599493153256,1.0,heuristic,老挝 博胶省 出现非洲猪瘟疫情，跨境相关性评分为7/10。,7,8,6,"border traffic, multi-point spread, near border",建议保持常规监测，并继续跟踪周边疫情变化。,0.595,0.2467,低风险
